{"blocks":{"dpsz0j8x":{"visibility":true,"collapse":false,"name":"droip-register","title":"Register","properties":{"tag":"form","settings":{"successURL":"#","reCaptcha":false,"state":"normal"},"attributes":[]},"styleIds":["dp5gzi0u"],"className":"","source":"DroipComponentLibrary","children":["dpwwc4u0","dpdqh0d4","dpmcblv7","dp62mj48","dp82swnr","dpjreirv","dparxqoy","dpoyg1zi","dp078hvz"],"id":"dpsz0j8x","parentId":"body","stylePanels":{"typography":true,"composition":true,"size":true,"background":true,"stroke":true,"shadow":true,"effects":true,"position":true,"transform":true,"interaction":true,"animation":true},"template_mounted":true},"dpwwc4u0":{"styleIds":["dpsb2kco"],"visibility":true,"collapse":false,"name":"heading","title":"Heading","properties":{"contents":["Register"],"tag":"h1"},"className":"","source":"droip","id":"dpwwc4u0","parentId":"dpsz0j8x"},"dpdqh0d4":{"styleIds":["dp3ishss","dpuxfwfe"],"visibility":true,"collapse":false,"name":"input","title":"Input","properties":{"tag":"input","noEndTag":true,"attributes":{"type":"text","name":"display_name","data-error-msg":"","required":true,"focus":false,"placeholder":"Display Name"}},"className":"","source":"droip","id":"dpdqh0d4","parentId":"dpsz0j8x","manualDelete":false},"dpmcblv7":{"styleIds":["dp3ishss","dpvpwsuc"],"visibility":true,"collapse":false,"name":"input","title":"Input","properties":{"tag":"input","noEndTag":true,"attributes":{"type":"text","name":"username","data-error-msg":"","required":true,"focus":false,"placeholder":"Username"}},"className":"","source":"droip","id":"dpmcblv7","parentId":"dpsz0j8x","manualDelete":false},"dp62mj48":{"styleIds":["dp3ishss","dp3hm535"],"visibility":true,"collapse":false,"name":"input","title":"Input","properties":{"tag":"input","noEndTag":true,"attributes":{"type":"email","name":"email","data-error-msg":"","required":true,"focus":false,"placeholder":"Email Address"}},"className":"","source":"droip","id":"dp62mj48","parentId":"dpsz0j8x","manualDelete":false},"dp82swnr":{"styleIds":["dp3ishss","dp9o1560"],"visibility":true,"collapse":false,"name":"input","title":"Input","properties":{"tag":"input","noEndTag":true,"attributes":{"type":"password","name":"password","data-error-msg":"","required":true,"focus":false,"placeholder":"Password"}},"className":"","source":"droip","id":"dp82swnr","parentId":"dpsz0j8x","manualDelete":false},"dpjreirv":{"styleIds":["dp3ishss","dpt82rza"],"visibility":true,"collapse":false,"name":"input","title":"Input","properties":{"tag":"input","noEndTag":true,"attributes":{"type":"password","name":"confirm_password","data-error-msg":"","required":true,"focus":false,"placeholder":"Confirm Password"}},"className":"","source":"droip","id":"dpjreirv","parentId":"dpsz0j8x","manualDelete":false},"dparxqoy":{"styleIds":["dpatstp4","dp6q77nl","dpb5webd"],"visibility":true,"collapse":false,"name":"droip-register-error","title":"Register Error","properties":{"tag":"div","settings":[]},"className":"","source":"DroipComponentLibrary","children":["dp8dm25o"],"id":"dparxqoy","parentId":"dpsz0j8x","manualDelete":false},"dp8dm25o":{"visibility":true,"collapse":false,"name":"paragraph","title":"Paragraph","properties":{"contents":["Try Again!"],"tag":"p"},"styleIds":["dpfn2dlb"],"className":"droip-errormessage","manualDelete":false,"source":"droip","id":"dp8dm25o","parentId":"dparxqoy","stylePanels":{"typography":true,"composition":true,"size":true,"background":true,"stroke":true,"shadow":true,"effects":true,"position":true,"transform":true,"interaction":true,"animation":true}},"dpoyg1zi":{"styleIds":["dpvkjgqx","dp9c1d8s"],"visibility":true,"collapse":false,"name":"button","title":"Button","properties":{"tag":"button","contents":["Create Account"],"type":"href","attributes":{"href":"","target":"","type":"submit"}},"className":"","source":"droip","children":["dpxdxy7l"],"id":"dpoyg1zi","parentId":"dpsz0j8x","manualDelete":false,"template_mounted":true},"dpxdxy7l":{"styleIds":[],"visibility":true,"collapse":false,"name":"text","title":"Text","properties":{"contents":["Create Account"],"tag":"span"},"className":"","source":"droip","id":"dpxdxy7l","parentId":"dpoyg1zi"},"dp078hvz":{"styleIds":["dp2wsso5"],"visibility":true,"collapse":false,"name":"div","title":"Div Block","properties":{"tag":"div"},"className":"","source":"droip","children":["dpfwe58m"],"id":"dp078hvz","parentId":"dpsz0j8x","template_mounted":true},"dpfwe58m":{"styleIds":["dp6hqb7p"],"visibility":true,"collapse":false,"name":"link-text","title":"Link Text","properties":{"tag":"a","type":"href","attributes":{"href":"/login","target":""},"contents":["Already have an account?"]},"className":"","source":"droip","id":"dpfwe58m","parentId":"dp078hvz"}},"styles":{"dp5gzi0u":{"id":"dp5gzi0u","isDefault":false,"type":"class","name":"dp4d3x84","variant":{"md":"border-radius:10px;box-shadow:0px 5px 15px rgba(0, 0, 0, 0.2);width:60%;box-sizing:border-box;padding:40px;margin:0 auto 0 auto;"}},"dpsb2kco":{"id":"dpsb2kco","type":"class","name":"dpsrnadk","variant":{"md":"text-align:center;color:#333;margin:0px 0 30px 0;"},"isDefault":false},"dp3ishss":{"id":"dp3ishss","type":"class","isDefault":false,"name":"dpfeteuw","variant":{"md":"background-image:linear-gradient(#ffffff, #ffffff);border: 1px solid #000000;border-radius: 8px;letter-spacing: -0.006em;color: rgba(0, 0, 0, 0.5);width:100%;display:block;padding:8px 16px;font-size: 14px;font-weight: 500;line-height:24px;"}},"dpuxfwfe":{"id":"dpuxfwfe","type":"class","name":"dp4tu35c","variant":{"md":"width: 100%;padding: 10px;margin-bottom: 20px;border: 1px solid #ccc;border-radius: 5px;box-sizing: border-box;"},"isDefault":false},"dpvpwsuc":{"id":"dpvpwsuc","type":"class","name":"dp6vj45w","variant":{"md":"width: 100%;padding: 10px;margin-bottom: 20px;border: 1px solid #ccc;border-radius: 5px;box-sizing: border-box;"},"isDefault":false},"dp3hm535":{"id":"dp3hm535","type":"class","name":"dphbjise","variant":{"md":"width: 100%;padding: 10px;margin-bottom: 20px;border: 1px solid #ccc;border-radius: 5px;box-sizing: border-box;"},"isDefault":false},"dp9o1560":{"id":"dp9o1560","type":"class","name":"dptho1rv","variant":{"md":"width: 100%;padding: 10px;margin-bottom: 20px;border: 1px solid #ccc;border-radius: 5px;box-sizing: border-box;"},"isDefault":false},"dpt82rza":{"id":"dpt82rza","type":"class","name":"dp286p4i","variant":{"md":"width: 100%;padding: 10px;margin-bottom: 20px;border: 1px solid #ccc;border-radius: 5px;box-sizing: border-box;"},"isDefault":false},"dpatstp4":{"id":"dpatstp4","isDefault":false,"type":"class","name":"dp2s0elv","variant":{"md":"width: 100%;"}},"dp6q77nl":{"id":"dp6q77nl","type":"class","name":"dpb68x8g","isDefault":false,"variant":{"md":""}},"dpb5webd":{"id":"dpb5webd","type":"class","name":["dp4oetaf","dp9atbvw"],"isDefault":false,"isComboClass":true,"variant":{"md":"margin:0 0 -16px 0;"}},"dpfn2dlb":{"id":"dpfn2dlb","type":"class","name":"dp2fo7rg","isDefault":false,"variant":{"md":"color:rgba(255, 0, 0, 1);fill:rgba(255, 0, 0, 1);"}},"dpvkjgqx":{"id":"dpvkjgqx","type":"class","isDefault":false,"name":"dpwij1jy","variant":{"md":"cursor: pointer;display: inline-block;padding:8px 16px;background-image:linear-gradient(#FFD900, #FFD900);color:#000000;font-size:14px;letter-spacing:-0.001em;font-weight:bold;line-height:24px;border:1px solid #000000;border-radius:40px;outline:none;text-decoration: none;transition:300ms;"}},"dp9c1d8s":{"id":"dp9c1d8s","type":"class","name":"dphd2ksy","variant":{"md":"margin-top: 20px;background: #28a745;color: white;padding: 10px 20px;border: none;border-radius: 5px;cursor: pointer;width: 100%;font-size: 16px;"},"isDefault":false},"dp2wsso5":{"id":"dp2wsso5","type":"class","name":"dp5l2b1f","variant":{"md":"margin-top: 15px;text-align: center;"},"isDefault":false},"dp6hqb7p":{"id":"dp6hqb7p","type":"class","name":"dpkh4g5l","variant":{"md":"color: #007bff;text-decoration: none;"},"isDefault":false}},"root":"dpsz0j8x"}