{"blocks":{"dp2045x9":{"visibility":true,"collapse":false,"name":"droip-forgot-password","title":"Forgot Password","properties":{"tag":"form","settings":{"reCaptcha":false,"state":"normal"},"attributes":[]},"styleIds":["dpt34lyp"],"className":"","source":"DroipComponentLibrary","children":["dpnchhe9","dpbdrz7a","dpnuszkm","dp0rljok","dpxzqxmu"],"id":"dp2045x9","parentId":"body","stylePanels":{"typography":true,"composition":true,"size":true,"background":true,"stroke":true,"shadow":true,"effects":true,"position":true,"transform":true,"interaction":true,"animation":true},"template_mounted":true},"dpnchhe9":{"styleIds":["dp2ocw46"],"visibility":true,"collapse":false,"name":"heading","title":"Heading","properties":{"contents":["Reset Password"],"tag":"h1"},"className":"","source":"droip","id":"dpnchhe9","parentId":"dp2045x9"},"dpbdrz7a":{"styleIds":["dpv7x6ps","dpous7q7"],"visibility":true,"collapse":false,"name":"input","title":"Input","properties":{"tag":"input","noEndTag":true,"attributes":{"type":"email","name":"email","data-error-msg":"","required":true,"focus":false,"placeholder":"Email"}},"className":"","source":"droip","id":"dpbdrz7a","parentId":"dp2045x9","manualDelete":false},"dpnuszkm":{"styleIds":["dpsamyon","dpsy5pnd","dpym056b"],"visibility":true,"collapse":false,"name":"droip-forgot-password-error","title":"Forgot Password Error","properties":{"tag":"div","settings":[]},"className":"","source":"DroipComponentLibrary","children":["dp152xpp"],"id":"dpnuszkm","parentId":"dp2045x9","manualDelete":false},"dp152xpp":{"visibility":true,"collapse":false,"name":"paragraph","title":"Paragraph","properties":{"contents":["Try again!"],"tag":"p"},"styleIds":["dpp41ppu"],"className":"droip-errormessage","manualDelete":false,"source":"droip","id":"dp152xpp","parentId":"dpnuszkm","stylePanels":{"typography":true,"composition":true,"size":true,"background":true,"stroke":true,"shadow":true,"effects":true,"position":true,"transform":true,"interaction":true,"animation":true}},"dp0rljok":{"styleIds":["dpg28zwf","dp1x8zu9"],"visibility":true,"collapse":false,"name":"button","title":"Button","properties":{"tag":"button","contents":["Send Password Reset Email"],"type":"href","attributes":{"href":"","target":"","type":"submit"}},"className":"","source":"droip","children":["dp6dn78b"],"id":"dp0rljok","parentId":"dp2045x9","manualDelete":false,"template_mounted":true},"dp6dn78b":{"styleIds":[],"visibility":true,"collapse":false,"name":"text","title":"Text","properties":{"contents":["Send Password Reset Email"],"tag":"span"},"className":"","source":"droip","id":"dp6dn78b","parentId":"dp0rljok"},"dpxzqxmu":{"styleIds":["dplpkgyi"],"visibility":true,"collapse":false,"name":"div","title":"Div","properties":{"tag":"div"},"className":"","source":"droip","children":["dp5igf50"],"id":"dpxzqxmu","parentId":"dp2045x9","template_mounted":true},"dp5igf50":{"styleIds":["dpwq2ju8"],"visibility":true,"collapse":false,"name":"link-text","title":"Link Text","properties":{"tag":"a","type":"href","attributes":{"href":"/registration","target":""},"contents":["Don't have an account?"]},"className":"","source":"droip","id":"dp5igf50","parentId":"dpxzqxmu"}},"styles":{"dpt34lyp":{"id":"dpt34lyp","isDefault":false,"type":"class","name":"dp3n6giy","variant":{"md":"border-radius:10px;box-shadow:0px 5px 15px rgba(0, 0, 0, 0.2);width:60%;box-sizing:border-box;padding:40px;margin:0 auto 0 auto;"}},"dp2ocw46":{"id":"dp2ocw46","type":"class","name":"dp3hu6h6","variant":{"md":"text-align:center;color:#333;margin:0px 0 30px 0;"},"isDefault":false},"dpv7x6ps":{"id":"dpv7x6ps","type":"class","isDefault":false,"name":"dp890rbe","variant":{"md":"background-image:linear-gradient(#ffffff, #ffffff);border: 1px solid #000000;border-radius: 8px;letter-spacing: -0.006em;color: rgba(0, 0, 0, 0.5);width:100%;display:block;padding:8px 16px;font-size: 14px;font-weight: 500;line-height:24px;"}},"dpous7q7":{"id":"dpous7q7","type":"class","name":"dp7smhb7","variant":{"md":"width: 100%;padding: 10px;border: 1px solid #ccc;border-radius: 5px;box-sizing: border-box;"},"isDefault":false},"dpsamyon":{"id":"dpsamyon","isDefault":false,"type":"class","name":"dpb6zol0","variant":{"md":"width: 100%;"}},"dpsy5pnd":{"id":"dpsy5pnd","type":"class","name":"dp87ptwk","isDefault":false,"variant":{"md":""}},"dpym056b":{"id":"dpym056b","type":"class","name":["dp93jffi","dpr0gets"],"isDefault":false,"isComboClass":true,"variant":{"md":"margin:0 0 -32px 0;"}},"dpp41ppu":{"id":"dpp41ppu","type":"class","name":"dp9j39kn","isDefault":false,"variant":{"md":"color:rgba(255, 0, 0, 1);fill:rgba(255, 0, 0, 1);"}},"dpg28zwf":{"id":"dpg28zwf","type":"class","isDefault":false,"name":"dpe55mri","variant":{"md":"cursor: pointer;display: inline-block;padding:8px 16px;background-image:linear-gradient(#FFD900, #FFD900);color:#000000;font-size:14px;letter-spacing:-0.001em;font-weight:bold;line-height:24px;border:1px solid #000000;border-radius:40px;outline:none;text-decoration: none;transition:300ms;"}},"dp1x8zu9":{"id":"dp1x8zu9","type":"class","name":"dpjqipd2","variant":{"md":"background:#28a745;color:white;border-radius: 5px;cursor:pointer;width:100%;font-size:16px;padding:10px 20px 10px 20px;margin:30px 0 0 0;border-style:none;"},"isDefault":false},"dplpkgyi":{"id":"dplpkgyi","type":"class","name":"dp6n4rhr","variant":{"md":"margin-top: 15px;text-align: center;"},"isDefault":false},"dpwq2ju8":{"id":"dpwq2ju8","type":"class","name":"dpfrc03g","variant":{"md":"color: #007bff;text-decoration: none;"},"isDefault":false}},"root":"dp2045x9"}