{"blocks":{"dp1fdiol":{"visibility":true,"collapse":false,"name":"droip-login","title":"Login","properties":{"tag":"form","settings":{"successURL":"#","reCaptcha":false,"state":"normal"},"attributes":[]},"styleIds":["dpl4u551"],"className":"","source":"DroipComponentLibrary","children":["dpxipjs8","dp20d676","dp6ymv44","dpjlyss4","dppuv270","dprp314i"],"id":"dp1fdiol","parentId":"body","stylePanels":{"typography":true,"composition":true,"size":true,"background":true,"stroke":true,"shadow":true,"effects":true,"position":true,"transform":true,"interaction":true,"animation":true},"template_mounted":true},"dpxipjs8":{"styleIds":["dpqzemnt"],"visibility":true,"collapse":false,"name":"heading","title":"Heading","properties":{"contents":["Login"],"tag":"h1"},"className":"","source":"droip","id":"dpxipjs8","parentId":"dp1fdiol"},"dp20d676":{"styleIds":["dpt3bh90","dp2gw5ju"],"visibility":true,"collapse":false,"name":"input","title":"Input","properties":{"tag":"input","noEndTag":true,"attributes":{"type":"text","name":"username","data-error-msg":"","required":true,"focus":false,"placeholder":"Username"}},"className":"","source":"droip","id":"dp20d676","parentId":"dp1fdiol","manualDelete":false},"dp6ymv44":{"styleIds":["dpt3bh90","dpgutq6z"],"visibility":true,"collapse":false,"name":"input","title":"Input","properties":{"tag":"input","noEndTag":true,"attributes":{"type":"password","name":"password","data-error-msg":"","required":true,"focus":false,"placeholder":"Password"}},"className":"","source":"droip","id":"dp6ymv44","parentId":"dp1fdiol","manualDelete":false},"dpjlyss4":{"styleIds":["dpykl9dh","dp9p7kfh","dpb6kod3"],"visibility":true,"collapse":false,"name":"droip-login-error","title":"Login Error","properties":{"tag":"div","settings":[]},"className":"","source":"DroipComponentLibrary","children":["dpjlyk6d"],"id":"dpjlyss4","parentId":"dp1fdiol","manualDelete":false},"dpjlyk6d":{"visibility":true,"collapse":false,"name":"paragraph","title":"Paragraph","properties":{"contents":["Try Again!"],"tag":"p"},"styleIds":["dp1ss4rg"],"className":"droip-errormessage","manualDelete":false,"source":"droip","id":"dpjlyk6d","parentId":"dpjlyss4","stylePanels":{"typography":true,"composition":true,"size":true,"background":true,"stroke":true,"shadow":true,"effects":true,"position":true,"transform":true,"interaction":true,"animation":true}},"dppuv270":{"styleIds":["dp22l02x","dp4uqrz2"],"visibility":true,"collapse":false,"name":"button","title":"Button","properties":{"tag":"button","contents":["Login"],"type":"href","attributes":{"href":"","target":"","type":"submit"}},"className":"","source":"droip","children":["dp1oqpdr"],"id":"dppuv270","parentId":"dp1fdiol","manualDelete":false,"template_mounted":true},"dp1oqpdr":{"styleIds":[],"visibility":true,"collapse":false,"name":"text","title":"Text","properties":{"contents":["Login"],"tag":"span"},"className":"","source":"droip","id":"dp1oqpdr","parentId":"dppuv270"},"dprp314i":{"visibility":true,"collapse":false,"name":"flex","title":"Flex","properties":{"tag":"div"},"styleIds":["dpuswena"],"className":"","source":"droip","children":["dprcz7py","dpkde54k"],"id":"dprp314i","parentId":"dp1fdiol","stylePanels":{"typography":true,"composition":true,"size":true,"background":true,"stroke":true,"shadow":true,"effects":true,"position":true,"transform":true,"interaction":true,"animation":true},"template_mounted":true},"dprcz7py":{"styleIds":["dpgjpurv"],"visibility":true,"collapse":false,"name":"flexitem","title":"Flex Item","properties":{"tag":"div"},"className":"","source":"droip","children":["dpknttou"],"id":"dprcz7py","parentId":"dprp314i"},"dpknttou":{"styleIds":[],"visibility":true,"collapse":false,"name":"div","title":"Div Block","properties":{"tag":"div"},"className":"","source":"droip","children":["dp5gwm7l"],"id":"dpknttou","parentId":"dprcz7py","template_mounted":true},"dp5gwm7l":{"styleIds":["dpiu84fn"],"visibility":true,"collapse":false,"name":"link-text","title":"Link Text","properties":{"tag":"a","type":"href","attributes":{"href":"/forgot-password","target":""},"contents":["Forgot Password?"]},"className":"","source":"droip","id":"dp5gwm7l","parentId":"dpknttou"},"dpkde54k":{"styleIds":["dp9jh80u"],"visibility":true,"collapse":false,"name":"flexitem","title":"Flex Item","properties":{"tag":"div"},"className":"","source":"droip","children":["dp7x7ikk"],"id":"dpkde54k","parentId":"dprp314i"},"dp7x7ikk":{"styleIds":["dpzijvza"],"visibility":true,"collapse":false,"name":"div","title":"Div Block","properties":{"tag":"div"},"className":"","source":"droip","children":["dppadrh9"],"id":"dp7x7ikk","parentId":"dpkde54k","template_mounted":true},"dppadrh9":{"styleIds":["dpgx9arx"],"visibility":true,"collapse":false,"name":"link-text","title":"Link Text","properties":{"tag":"a","type":"href","attributes":{"href":"/registration","target":""},"contents":["Don't have an account?"]},"className":"","source":"droip","id":"dppadrh9","parentId":"dp7x7ikk"}},"styles":{"dpl4u551":{"id":"dpl4u551","isDefault":false,"type":"class","name":"dp7njt8b","variant":{"md":"border-radius:10px;box-shadow:0px 5px 15px rgba(0, 0, 0, 0.2);width:60%;box-sizing:border-box;padding:40px;margin:0 auto 0 auto;"}},"dpqzemnt":{"id":"dpqzemnt","type":"class","name":"dpc9i32m","variant":{"md":"text-align:center;color:#333;margin:0px 0 30px 0;"},"isDefault":false},"dpt3bh90":{"id":"dpt3bh90","type":"class","isDefault":false,"name":"dpv1uwvv","variant":{"md":"background-image:linear-gradient(#ffffff, #ffffff);border: 1px solid #000000;border-radius: 8px;letter-spacing: -0.006em;color: rgba(0, 0, 0, 0.5);width:100%;display:block;padding:8px 16px;font-size: 14px;font-weight: 500;line-height:24px;"}},"dp2gw5ju":{"id":"dp2gw5ju","type":"class","name":"dpei9bkj","variant":{"md":"width: 100%;padding: 10px;margin-bottom: 20px;border: 1px solid #ccc;border-radius: 5px;box-sizing: border-box;"},"isDefault":false},"dpgutq6z":{"id":"dpgutq6z","type":"class","name":"dp65nq1p","variant":{"md":"width: 100%;padding: 10px;margin-bottom: 20px;border: 1px solid #ccc;border-radius: 5px;box-sizing: border-box;"},"isDefault":false},"dpykl9dh":{"id":"dpykl9dh","isDefault":false,"type":"class","name":"dp4sbjdb","variant":{"md":"width: 100%;"}},"dp9p7kfh":{"id":"dp9p7kfh","type":"class","name":"dp300imq","isDefault":false,"variant":{"md":""}},"dpb6kod3":{"id":"dpb6kod3","type":"class","name":["dpbd75m4","dp1cpwzb"],"isDefault":false,"isComboClass":true,"variant":{"md":"margin:0 0 -32px 0;"}},"dp1ss4rg":{"id":"dp1ss4rg","type":"class","name":"dp3s6was","isDefault":false,"variant":{"md":"color:rgba(255, 0, 0, 1);fill:rgba(255, 0, 0, 1);"}},"dp22l02x":{"id":"dp22l02x","type":"class","isDefault":false,"name":"dpiu8vkp","variant":{"md":"cursor: pointer;display: inline-block;padding:8px 16px;background-image:linear-gradient(#FFD900, #FFD900);color:#000000;font-size:14px;letter-spacing:-0.001em;font-weight:bold;line-height:24px;border:1px solid #000000;border-radius:40px;outline:none;text-decoration: none;transition:300ms;"}},"dp4uqrz2":{"id":"dp4uqrz2","type":"class","name":"dpkws9pv","variant":{"md":"margin-top: 30px;background: #28a745;color: white;padding: 10px 20px;border: none;border-radius: 5px;cursor: pointer;width: 100%;font-size: 16px;"},"isDefault":false},"dpuswena":{"id":"dpuswena","isDefault":false,"type":"class","name":"dpjm9j1d","variant":{"md":"display:flex;flex-direction:row;align-items:flex-start;width:100%;margin:15px 0 0 0;"}},"dpgjpurv":{"id":"dpgjpurv","type":"class","name":"dpbwg0dz","isDefault":false,"variant":{"md":"width:100%;text-align:center;"}},"dpiu84fn":{"id":"dpiu84fn","type":"class","name":"dpkn9dpx","isDefault":false,"variant":{"md":"text-align:center;color:rgba(0, 123, 255, 1.00);fill:rgba(0, 123, 255, 1.00);"}},"dp9jh80u":{"id":"dp9jh80u","type":"class","name":"dp9ky0gh","variant":{"md":"width:100%;"},"isDefault":false},"dpzijvza":{"id":"dpzijvza","type":"class","name":"dpni9eig","variant":{"md":"text-align:center;margin:0px 0 0 0;"},"isDefault":false},"dpgx9arx":{"id":"dpgx9arx","type":"class","name":"dpu8gudw","variant":{"md":"color:rgba(0, 123, 255, 1.00);fill:rgba(0, 123, 255, 1.00);text-align:center;"},"isDefault":false}},"root":"dp1fdiol"}